<Components xmlns:xsd="http://www.w3.org/2001/XMLSchema" xmlns:xsi="http://www.w3.org/2001/XMLSchema-instance" xmlns="http://schemas.microsoft.com/crm/2009/"><Component><Id>f0f7fab3-8193-e711-80b8-00155d019711</Id><Name>Site Map</Name><ComponentType>62</ComponentType><TypeName /><Action>Edit</Action><Comments><Comment>Edited to remove the required components with higher version</Comment><Comment>The Sitemap Group Application hasn't been added to the solution because it contains components , which won't work in earlier versions of CRM.</Comment><Comment>The Sitemap SubArea nav_syncerror hasn't been added to the solution because it contains components , which won't work in earlier versions of CRM.</Comment></Comments></Component></Components>