<ImportExportXml version="8.1.0000.0359" SolutionPackageVersion="8.0" languagecode="1033" generatedBy="OnPremise" xmlns:xsi="http://www.w3.org/2001/XMLSchema-instance">
  <SolutionManifest>
    <UniqueName>XrmAutoNumber</UniqueName>
    <LocalizedNames>
      <LocalizedName description="Xrm AutoNumber" languagecode="1033" />
    </LocalizedNames>
    <Descriptions>
      <Description description="Lite Version - Free Release" languagecode="1033" />
    </Descriptions>
    <Version>2.2</Version>
    <Managed>0</Managed>
    <Publisher>
      <UniqueName>briteglobal</UniqueName>
      <LocalizedNames>
        <LocalizedName description="Brite Global" languagecode="1033" />
      </LocalizedNames>
      <Descriptions>
        <Description description="Brite Global is a premier Microsoft Dynamics consulting firm and a Gold CRM Competency Partner, specializing in the deployment and implementation of Microsoft Dynamics CRM and Custom Software solutions for companies of all sizes." languagecode="1033" />
      </Descriptions>
      <EMailAddress>sales@briteglobal.com</EMailAddress>
      <SupportingWebsiteUrl>http://www.briteglobal.com</SupportingWebsiteUrl>
      <CustomizationPrefix>xrm</CustomizationPrefix>
      <CustomizationOptionValuePrefix>10000</CustomizationOptionValuePrefix>
      <Addresses>
        <Address>
          <AddressNumber>1</AddressNumber>
          <AddressTypeCode>1</AddressTypeCode>
          <City>Beverly Hills</City>
          <County xsi:nil="true"></County>
          <Country>USA</Country>
          <Fax xsi:nil="true"></Fax>
          <FreightTermsCode xsi:nil="true"></FreightTermsCode>
          <ImportSequenceNumber xsi:nil="true"></ImportSequenceNumber>
          <Latitude xsi:nil="true"></Latitude>
          <Line1>269 South Beverly Drive</Line1>
          <Line2>Suite 115</Line2>
          <Line3 xsi:nil="true"></Line3>
          <Longitude xsi:nil="true"></Longitude>
          <Name xsi:nil="true"></Name>
          <PostalCode>90212</PostalCode>
          <PostOfficeBox xsi:nil="true"></PostOfficeBox>
          <PrimaryContactName xsi:nil="true"></PrimaryContactName>
          <ShippingMethodCode>1</ShippingMethodCode>
          <StateOrProvince>CA</StateOrProvince>
          <Telephone1>(310) 494-9699</Telephone1>
          <Telephone2 xsi:nil="true"></Telephone2>
          <Telephone3 xsi:nil="true"></Telephone3>
          <TimeZoneRuleVersionNumber xsi:nil="true"></TimeZoneRuleVersionNumber>
          <UPSZone xsi:nil="true"></UPSZone>
          <UTCOffset xsi:nil="true"></UTCOffset>
          <UTCConversionTimeZoneCode xsi:nil="true"></UTCConversionTimeZoneCode>
        </Address>
        <Address>
          <AddressNumber>2</AddressNumber>
          <AddressTypeCode>1</AddressTypeCode>
          <City xsi:nil="true"></City>
          <County xsi:nil="true"></County>
          <Country xsi:nil="true"></Country>
          <Fax xsi:nil="true"></Fax>
          <FreightTermsCode xsi:nil="true"></FreightTermsCode>
          <ImportSequenceNumber xsi:nil="true"></ImportSequenceNumber>
          <Latitude xsi:nil="true"></Latitude>
          <Line1 xsi:nil="true"></Line1>
          <Line2 xsi:nil="true"></Line2>
          <Line3 xsi:nil="true"></Line3>
          <Longitude xsi:nil="true"></Longitude>
          <Name xsi:nil="true"></Name>
          <PostalCode xsi:nil="true"></PostalCode>
          <PostOfficeBox xsi:nil="true"></PostOfficeBox>
          <PrimaryContactName xsi:nil="true"></PrimaryContactName>
          <ShippingMethodCode>1</ShippingMethodCode>
          <StateOrProvince xsi:nil="true"></StateOrProvince>
          <Telephone1 xsi:nil="true"></Telephone1>
          <Telephone2 xsi:nil="true"></Telephone2>
          <Telephone3 xsi:nil="true"></Telephone3>
          <TimeZoneRuleVersionNumber xsi:nil="true"></TimeZoneRuleVersionNumber>
          <UPSZone xsi:nil="true"></UPSZone>
          <UTCOffset xsi:nil="true"></UTCOffset>
          <UTCConversionTimeZoneCode xsi:nil="true"></UTCConversionTimeZoneCode>
        </Address>
      </Addresses>
    </Publisher>
    <RootComponents>
      <RootComponent type="1" schemaName="xrm_autonumber" behavior="0" />
      <RootComponent type="9" schemaName="xrm_fieldtype" behavior="0" />
      <RootComponent type="9" schemaName="xrm_number" behavior="0" />
      <RootComponent type="29" id="{9c19b86c-d432-424b-a656-9a5fcc66d7f6}" behavior="0" />
      <RootComponent type="29" id="{afd844bc-e6c5-4a46-8b06-fb2384bba2a6}" behavior="0" />
      <RootComponent type="29" id="{e15608e4-ae70-4be8-b37a-55ba5423a7ed}" behavior="0" />
      <RootComponent type="60" id="{6c9af1b3-74d5-4648-b6db-1f5272837330}" behavior="0" />
      <RootComponent type="60" id="{b1526167-7e35-4203-935e-0369f980cbdf}" behavior="0" />
      <RootComponent type="61" schemaName="xrm_autofill16.png" behavior="0" />
      <RootComponent type="61" schemaName="xrm_autofill32.png" behavior="0" />
      <RootComponent type="61" schemaName="xrm_autonumber.js" behavior="0" />
      <RootComponent type="61" schemaName="xrm_autonumber16.png" behavior="0" />
      <RootComponent type="61" schemaName="xrm_autonumber32.png" behavior="0" />
      <RootComponent type="61" schemaName="xrm_fieldselector16.png" behavior="0" />
      <RootComponent type="61" schemaName="xrm_fieldselector32.png" behavior="0" />
      <RootComponent type="61" schemaName="xrm_license.xml" behavior="0" />
      <RootComponent type="61" schemaName="xrm_nextautonumber16.png" behavior="0" />
      <RootComponent type="61" schemaName="xrm_nextautonumber32.png" behavior="0" />
      <RootComponent type="61" schemaName="xrm_process.js" behavior="0" />
      <RootComponent type="61" schemaName="xrm_publish16.png" behavior="0" />
      <RootComponent type="61" schemaName="xrm_publish32.png" behavior="0" />
      <RootComponent type="61" schemaName="xrm_unpublish16.png" behavior="0" />
      <RootComponent type="61" schemaName="xrm_unpublish32.png" behavior="0" />
      <RootComponent type="62" behavior="0" />
      <RootComponent type="91" schemaName="BriteGlobal.Xrm.Plugins.AutoNumber, Version=2.0.6578.19662, Culture=neutral, PublicKeyToken=577225e96843320f" behavior="0" />
      <RootComponent type="92" id="{307dd380-4342-e711-80b8-00155d019711}" behavior="0" />
      <RootComponent type="92" id="{897bbc91-4342-e711-80b8-00155d019711}" behavior="0" />
      <RootComponent type="92" id="{bb0d9967-4342-e711-80b8-00155d019711}" behavior="0" />
      <RootComponent type="92" id="{d8842973-4342-e711-80b8-00155d019711}" behavior="0" />
    </RootComponents>
    <MissingDependencies>
      <MissingDependency>
        <Required key="0" type="1" schemaName="msdyn_postconfig" displayName="Post Configuration" solution="ActivityFeedsCore (8.1.0.0)" />
        <Dependent key="1" type="62" id="{f0f7fab3-8193-e711-80b8-00155d019711}" />
      </MissingDependency>
      <MissingDependency>
        <Required key="2" type="1" schemaName="msdyn_postruleconfig" displayName="Post Rule Configuration" solution="ActivityFeedsCore (8.1.0.0)" />
        <Dependent key="1" type="62" id="{f0f7fab3-8193-e711-80b8-00155d019711}" />
      </MissingDependency>
      <MissingDependency>
        <Required key="3" type="61" schemaName="msdyn_/Images/Wall_16.png" displayName="msdyn_/Images/Wall_16.png" solution="ActivityFeedsCore (8.1.0.0)" />
        <Dependent key="1" type="62" id="{f0f7fab3-8193-e711-80b8-00155d019711}" />
      </MissingDependency>
      <MissingDependency>
        <Required key="4" type="61" schemaName="msdyn_/PersonalWall.htm" displayName="msdyn_/PersonalWall.htm" solution="ActivityFeedsCore (8.1.0.0)" />
        <Dependent key="1" type="62" id="{f0f7fab3-8193-e711-80b8-00155d019711}" />
      </MissingDependency>
    </MissingDependencies>
  </SolutionManifest>
</ImportExportXml>